binary_package	binary_version	source_package	source_version	architecture
adduser	3.137ubuntu1	adduser	3.137ubuntu1	amd64
apt	2.8.3	apt	2.8.3	amd64
base-files	13ubuntu10.5	base-files	13ubuntu10.5	amd64
base-passwd	3.6.3build1	base-passwd	3.6.3build1	amd64
bash	5.2.21-2ubuntu4	bash	5.2.21-2ubuntu4	amd64
bsdutils	1:2.39.3-9ubuntu6.6	util-linux	2.39.3-9ubuntu6.6	amd64
ca-certificates	20260601~24.04.1	ca-certificates	20260601~24.04.1	amd64
coreutils	9.4-3ubuntu6.3	coreutils	9.4-3ubuntu6.3	amd64
curl	8.5.0-2ubuntu10.15	curl	8.5.0-2ubuntu10.15	amd64
dash	0.5.12-6ubuntu5	dash	0.5.12-6ubuntu5	amd64
debconf	1.5.86ubuntu1	debconf	1.5.86ubuntu1	amd64
debianutils	5.17build1	debianutils	5.17build1	amd64
diffutils	1:3.10-1ubuntu0.1	diffutils	1:3.10-1ubuntu0.1	amd64
dirmngr	2.4.4-2ubuntu17.6	gnupg2	2.4.4-2ubuntu17.6	amd64
dpkg	1.22.6ubuntu6.6	dpkg	1.22.6ubuntu6.6	amd64
e2fsprogs	1.47.0-2.4~exp1ubuntu4.1	e2fsprogs	1.47.0-2.4~exp1ubuntu4.1	amd64
findutils	4.9.0-5build1	findutils	4.9.0-5build1	amd64
fontconfig	2.15.0-1.1ubuntu2	fontconfig	2.15.0-1.1ubuntu2	amd64
fontconfig-config	2.15.0-1.1ubuntu2	fontconfig	2.15.0-1.1ubuntu2	amd64
fonts-dejavu-core	2.37-8	fonts-dejavu	2.37-8	amd64
fonts-dejavu-mono	2.37-8	fonts-dejavu	2.37-8	amd64
gcc-14-base:amd64	14.2.0-4ubuntu2~24.04.1	gcc-14	14.2.0-4ubuntu2~24.04.1	amd64
gnupg	2.4.4-2ubuntu17.6	gnupg2	2.4.4-2ubuntu17.6	amd64
gnupg-utils	2.4.4-2ubuntu17.6	gnupg2	2.4.4-2ubuntu17.6	amd64
gpg	2.4.4-2ubuntu17.6	gnupg2	2.4.4-2ubuntu17.6	amd64
gpg-agent	2.4.4-2ubuntu17.6	gnupg2	2.4.4-2ubuntu17.6	amd64
gpgconf	2.4.4-2ubuntu17.6	gnupg2	2.4.4-2ubuntu17.6	amd64
gpgsm	2.4.4-2ubuntu17.6	gnupg2	2.4.4-2ubuntu17.6	amd64
gpgv	2.4.4-2ubuntu17.6	gnupg2	2.4.4-2ubuntu17.6	amd64
grep	3.11-4build1	grep	3.11-4build1	amd64
gzip	1.12-1ubuntu3.2	gzip	1.12-1ubuntu3.2	amd64
hostname	3.23+nmu2ubuntu2	hostname	3.23+nmu2ubuntu2	amd64
init-system-helpers	1.66ubuntu1	init-system-helpers	1.66ubuntu1	amd64
keyboxd	2.4.4-2ubuntu17.6	gnupg2	2.4.4-2ubuntu17.6	amd64
libacl1:amd64	2.3.2-1build1.1	acl	2.3.2-1build1.1	amd64
libapt-pkg6.0t64:amd64	2.8.3	apt	2.8.3	amd64
libassuan0:amd64	2.5.6-1build1	libassuan	2.5.6-1build1	amd64
libattr1:amd64	1:2.5.2-1ubuntu0.1	attr	1:2.5.2-1ubuntu0.1	amd64
libaudit-common	1:3.1.2-2.1build1.1	audit	1:3.1.2-2.1build1.1	amd64
libaudit1:amd64	1:3.1.2-2.1build1.1	audit	1:3.1.2-2.1build1.1	amd64
libblkid1:amd64	2.39.3-9ubuntu6.6	util-linux	2.39.3-9ubuntu6.6	amd64
libbrotli1:amd64	1.1.0-2build2	brotli	1.1.0-2build2	amd64
libbz2-1.0:amd64	1.0.8-5.1ubuntu0.1	bzip2	1.0.8-5.1ubuntu0.1	amd64
libc-bin	2.39-0ubuntu8.9	glibc	2.39-0ubuntu8.9	amd64
libc6:amd64	2.39-0ubuntu8.9	glibc	2.39-0ubuntu8.9	amd64
libcap-ng0:amd64	0.8.4-2build2	libcap-ng	0.8.4-2build2	amd64
libcap2:amd64	1:2.66-5ubuntu2.4	libcap2	1:2.66-5ubuntu2.4	amd64
libcom-err2:amd64	1.47.0-2.4~exp1ubuntu4.1	e2fsprogs	1.47.0-2.4~exp1ubuntu4.1	amd64
libcrypt1:amd64	1:4.4.36-4build1	libxcrypt	1:4.4.36-4build1	amd64
libcurl4t64:amd64	8.5.0-2ubuntu10.15	curl	8.5.0-2ubuntu10.15	amd64
libdb5.3t64:amd64	5.3.28+dfsg2-7	db5.3	5.3.28+dfsg2-7	amd64
libdebconfclient0:amd64	0.271ubuntu3	cdebconf	0.271ubuntu3	amd64
libexpat1:amd64	2.6.1-2ubuntu0.6	expat	2.6.1-2ubuntu0.6	amd64
libext2fs2t64:amd64	1.47.0-2.4~exp1ubuntu4.1	e2fsprogs	1.47.0-2.4~exp1ubuntu4.1	amd64
libffi8:amd64	3.4.6-1build1	libffi	3.4.6-1build1	amd64
libfontconfig1:amd64	2.15.0-1.1ubuntu2	fontconfig	2.15.0-1.1ubuntu2	amd64
libfreetype6:amd64	2.13.2+dfsg-1ubuntu0.1	freetype	2.13.2+dfsg-1ubuntu0.1	amd64
libgcc-s1:amd64	14.2.0-4ubuntu2~24.04.1	gcc-14	14.2.0-4ubuntu2~24.04.1	amd64
libgcrypt20:amd64	1.10.3-2ubuntu0.2	libgcrypt20	1.10.3-2ubuntu0.2	amd64
libgmp10:amd64	2:6.3.0+dfsg-2ubuntu6.1	gmp	2:6.3.0+dfsg-2ubuntu6.1	amd64
libgnutls30t64:amd64	3.8.3-1.1ubuntu3.6	gnutls28	3.8.3-1.1ubuntu3.6	amd64
libgpg-error0:amd64	1.47-3build2.1	libgpg-error	1.47-3build2.1	amd64
libgssapi-krb5-2:amd64	1.20.1-6ubuntu2.10	krb5	1.20.1-6ubuntu2.10	amd64
libhogweed6t64:amd64	3.9.1-2.2build1.1	nettle	3.9.1-2.2build1.1	amd64
libidn2-0:amd64	2.3.7-2build1.1	libidn2	2.3.7-2build1.1	amd64
libk5crypto3:amd64	1.20.1-6ubuntu2.10	krb5	1.20.1-6ubuntu2.10	amd64
libkeyutils1:amd64	1.6.3-3build1	keyutils	1.6.3-3build1	amd64
libkrb5-3:amd64	1.20.1-6ubuntu2.10	krb5	1.20.1-6ubuntu2.10	amd64
libkrb5support0:amd64	1.20.1-6ubuntu2.10	krb5	1.20.1-6ubuntu2.10	amd64
libksba8:amd64	1.6.6-1build1	libksba	1.6.6-1build1	amd64
libldap2:amd64	2.6.10+dfsg-0ubuntu0.24.04.1	openldap	2.6.10+dfsg-0ubuntu0.24.04.1	amd64
liblz4-1:amd64	1.9.4-1build1.1	lz4	1.9.4-1build1.1	amd64
liblzma5:amd64	5.6.1+really5.4.5-1ubuntu0.3	xz-utils	5.6.1+really5.4.5-1ubuntu0.3	amd64
libmd0:amd64	1.1.0-2build1.1	libmd	1.1.0-2build1.1	amd64
libmount1:amd64	2.39.3-9ubuntu6.6	util-linux	2.39.3-9ubuntu6.6	amd64
libncursesw6:amd64	6.4+20240113-1ubuntu2.2	ncurses	6.4+20240113-1ubuntu2.2	amd64
libnettle8t64:amd64	3.9.1-2.2build1.1	nettle	3.9.1-2.2build1.1	amd64
libnghttp2-14:amd64	1.59.0-1ubuntu0.4	nghttp2	1.59.0-1ubuntu0.4	amd64
libnpth0t64:amd64	1.6-3.1build1	npth	1.6-3.1build1	amd64
libp11-kit0:amd64	0.25.3-4ubuntu2.2	p11-kit	0.25.3-4ubuntu2.2	amd64
libpam-modules-bin	1.5.3-5ubuntu5.7	pam	1.5.3-5ubuntu5.7	amd64
libpam-modules:amd64	1.5.3-5ubuntu5.7	pam	1.5.3-5ubuntu5.7	amd64
libpam-runtime	1.5.3-5ubuntu5.7	pam	1.5.3-5ubuntu5.7	amd64
libpam0g:amd64	1.5.3-5ubuntu5.7	pam	1.5.3-5ubuntu5.7	amd64
libpcre2-8-0:amd64	10.42-4ubuntu2.1	pcre2	10.42-4ubuntu2.1	amd64
libpng16-16t64:amd64	1.6.43-5ubuntu0.6	libpng1.6	1.6.43-5ubuntu0.6	amd64
libproc2-0:amd64	2:4.0.4-4ubuntu3.3	procps	2:4.0.4-4ubuntu3.3	amd64
libpsl5t64:amd64	0.21.2-1.1build1	libpsl	0.21.2-1.1build1	amd64
libreadline8t64:amd64	8.2-4build1	readline	8.2-4build1	amd64
librtmp1:amd64	2.4+20151223.gitfa8646d.1-2build7	rtmpdump	2.4+20151223.gitfa8646d.1-2build7	amd64
libsasl2-2:amd64	2.1.28+dfsg1-5ubuntu3.1	cyrus-sasl2	2.1.28+dfsg1-5ubuntu3.1	amd64
libsasl2-modules-db:amd64	2.1.28+dfsg1-5ubuntu3.1	cyrus-sasl2	2.1.28+dfsg1-5ubuntu3.1	amd64
libseccomp2:amd64	2.5.5-1ubuntu3.1	libseccomp	2.5.5-1ubuntu3.1	amd64
libselinux1:amd64	3.5-2ubuntu2.1	libselinux	3.5-2ubuntu2.1	amd64
libsemanage-common	3.5-1build5	libsemanage	3.5-1build5	amd64
libsemanage2:amd64	3.5-1build5	libsemanage	3.5-1build5	amd64
libsepol2:amd64	3.5-2build1	libsepol	3.5-2build1	amd64
libsmartcols1:amd64	2.39.3-9ubuntu6.6	util-linux	2.39.3-9ubuntu6.6	amd64
libsqlite3-0:amd64	3.45.1-1ubuntu2.8	sqlite3	3.45.1-1ubuntu2.8	amd64
libss2:amd64	1.47.0-2.4~exp1ubuntu4.1	e2fsprogs	1.47.0-2.4~exp1ubuntu4.1	amd64
libssh-4:amd64	0.10.6-2ubuntu0.5	libssh	0.10.6-2ubuntu0.5	amd64
libssl3t64:amd64	3.0.13-0ubuntu3.15	openssl	3.0.13-0ubuntu3.15	amd64
libstdc++6:amd64	14.2.0-4ubuntu2~24.04.1	gcc-14	14.2.0-4ubuntu2~24.04.1	amd64
libsystemd0:amd64	255.4-1ubuntu8.17	systemd	255.4-1ubuntu8.17	amd64
libtasn1-6:amd64	4.19.0-3ubuntu0.24.04.2	libtasn1-6	4.19.0-3ubuntu0.24.04.2	amd64
libtinfo6:amd64	6.4+20240113-1ubuntu2.2	ncurses	6.4+20240113-1ubuntu2.2	amd64
libudev1:amd64	255.4-1ubuntu8.17	systemd	255.4-1ubuntu8.17	amd64
libunistring5:amd64	1.1-2build1.1	libunistring	1.1-2build1.1	amd64
libuuid1:amd64	2.39.3-9ubuntu6.6	util-linux	2.39.3-9ubuntu6.6	amd64
libxxhash0:amd64	0.8.2-2build1	xxhash	0.8.2-2build1	amd64
libzstd1:amd64	1.5.5+dfsg2-2build1.1	libzstd	1.5.5+dfsg2-2build1.1	amd64
locales	2.39-0ubuntu8.9	glibc	2.39-0ubuntu8.9	amd64
login	1:4.13+dfsg1-4ubuntu3.2	shadow	1:4.13+dfsg1-4ubuntu3.2	amd64
logsave	1.47.0-2.4~exp1ubuntu4.1	e2fsprogs	1.47.0-2.4~exp1ubuntu4.1	amd64
mawk	1.3.4.20240123-1build1	mawk	1.3.4.20240123-1build1	amd64
mount	2.39.3-9ubuntu6.6	util-linux	2.39.3-9ubuntu6.6	amd64
ncurses-base	6.4+20240113-1ubuntu2.2	ncurses	6.4+20240113-1ubuntu2.2	amd64
ncurses-bin	6.4+20240113-1ubuntu2.2	ncurses	6.4+20240113-1ubuntu2.2	amd64
openssl	3.0.13-0ubuntu3.15	openssl	3.0.13-0ubuntu3.15	amd64
p11-kit	0.25.3-4ubuntu2.2	p11-kit	0.25.3-4ubuntu2.2	amd64
p11-kit-modules:amd64	0.25.3-4ubuntu2.2	p11-kit	0.25.3-4ubuntu2.2	amd64
passwd	1:4.13+dfsg1-4ubuntu3.2	shadow	1:4.13+dfsg1-4ubuntu3.2	amd64
perl-base	5.38.2-3.2ubuntu0.4	perl	5.38.2-3.2ubuntu0.4	amd64
pinentry-curses	1.2.1-3ubuntu5	pinentry	1.2.1-3ubuntu5	amd64
procps	2:4.0.4-4ubuntu3.3	procps	2:4.0.4-4ubuntu3.3	amd64
readline-common	8.2-4build1	readline	8.2-4build1	amd64
sed	4.9-2ubuntu0.24.04.1	sed	4.9-2ubuntu0.24.04.1	amd64
sensible-utils	0.0.22	sensible-utils	0.0.22	amd64
sysvinit-utils	3.08-6ubuntu3	sysvinit	3.08-6ubuntu3	amd64
tar	1.35+dfsg-3ubuntu0.4	tar	1.35+dfsg-3ubuntu0.4	amd64
tzdata	2026c-0ubuntu0.24.04.1	tzdata	2026c-0ubuntu0.24.04.1	amd64
ubuntu-keyring	2023.11.28.1	ubuntu-keyring	2023.11.28.1	amd64
unminimize	0.2.1	unminimize	0.2.1	amd64
util-linux	2.39.3-9ubuntu6.6	util-linux	2.39.3-9ubuntu6.6	amd64
wget	1.21.4-1ubuntu4.5	wget	1.21.4-1ubuntu4.5	amd64
zlib1g:amd64	1:1.3.dfsg-3.1ubuntu2.2	zlib	1:1.3.dfsg-3.1ubuntu2.2	amd64
