source_package	source_version
acl	2.3.2-1build1.1
adduser	3.137ubuntu1
apt	2.8.3
attr	1:2.5.2-1ubuntu0.1
audit	1:3.1.2-2.1build1.1
base-files	13ubuntu10.5
base-passwd	3.6.3build1
bash	5.2.21-2ubuntu4
brotli	1.1.0-2build2
bzip2	1.0.8-5.1ubuntu0.1
ca-certificates	20260601~24.04.1
cdebconf	0.271ubuntu3
coreutils	9.4-3ubuntu6.3
curl	8.5.0-2ubuntu10.15
cyrus-sasl2	2.1.28+dfsg1-5ubuntu3.1
dash	0.5.12-6ubuntu5
db5.3	5.3.28+dfsg2-7
debconf	1.5.86ubuntu1
debianutils	5.17build1
diffutils	1:3.10-1ubuntu0.1
dpkg	1.22.6ubuntu6.6
e2fsprogs	1.47.0-2.4~exp1ubuntu4.1
expat	2.6.1-2ubuntu0.6
findutils	4.9.0-5build1
fontconfig	2.15.0-1.1ubuntu2
fonts-dejavu	2.37-8
freetype	2.13.2+dfsg-1ubuntu0.1
gcc-14	14.2.0-4ubuntu2~24.04.1
glibc	2.39-0ubuntu8.9
gmp	2:6.3.0+dfsg-2ubuntu6.1
gnupg2	2.4.4-2ubuntu17.6
gnutls28	3.8.3-1.1ubuntu3.6
grep	3.11-4build1
gzip	1.12-1ubuntu3.2
hostname	3.23+nmu2ubuntu2
init-system-helpers	1.66ubuntu1
keyutils	1.6.3-3build1
krb5	1.20.1-6ubuntu2.10
libassuan	2.5.6-1build1
libcap-ng	0.8.4-2build2
libcap2	1:2.66-5ubuntu2.4
libffi	3.4.6-1build1
libgcrypt20	1.10.3-2ubuntu0.2
libgpg-error	1.47-3build2.1
libidn2	2.3.7-2build1.1
libksba	1.6.6-1build1
libmd	1.1.0-2build1.1
libpng1.6	1.6.43-5ubuntu0.6
libpsl	0.21.2-1.1build1
libseccomp	2.5.5-1ubuntu3.1
libselinux	3.5-2ubuntu2.1
libsemanage	3.5-1build5
libsepol	3.5-2build1
libssh	0.10.6-2ubuntu0.5
libtasn1-6	4.19.0-3ubuntu0.24.04.2
libunistring	1.1-2build1.1
libxcrypt	1:4.4.36-4build1
libzstd	1.5.5+dfsg2-2build1.1
lz4	1.9.4-1build1.1
mawk	1.3.4.20240123-1build1
ncurses	6.4+20240113-1ubuntu2.2
nettle	3.9.1-2.2build1.1
nghttp2	1.59.0-1ubuntu0.4
npth	1.6-3.1build1
openldap	2.6.10+dfsg-0ubuntu0.24.04.1
openssl	3.0.13-0ubuntu3.15
p11-kit	0.25.3-4ubuntu2.2
pam	1.5.3-5ubuntu5.7
pcre2	10.42-4ubuntu2.1
perl	5.38.2-3.2ubuntu0.4
pinentry	1.2.1-3ubuntu5
procps	2:4.0.4-4ubuntu3.3
readline	8.2-4build1
rtmpdump	2.4+20151223.gitfa8646d.1-2build7
sed	4.9-2ubuntu0.24.04.1
sensible-utils	0.0.22
shadow	1:4.13+dfsg1-4ubuntu3.2
sqlite3	3.45.1-1ubuntu2.8
systemd	255.4-1ubuntu8.17
sysvinit	3.08-6ubuntu3
tar	1.35+dfsg-3ubuntu0.4
tzdata	2026c-0ubuntu0.24.04.1
ubuntu-keyring	2023.11.28.1
unminimize	0.2.1
util-linux	2.39.3-9ubuntu6.6
wget	1.21.4-1ubuntu4.5
xxhash	0.8.2-2build1
xz-utils	5.6.1+really5.4.5-1ubuntu0.3
zlib	1:1.3.dfsg-3.1ubuntu2.2
