ecosystem	name	version	declared_license	license_urls	artifact_sha256	legal_files	source_materialized	source_path_or_url
maven	com.fasterxml.woodstox:woodstox-core	7.1.0	The Apache License, Version 2.0	http://www.apache.org/licenses/LICENSE-2.0.txt	81266920a1cdc47306a8a2b4726c99ec89b3fbf31c2470e4f5e477d9d857ca9f	4	yes	maven/com.fasterxml.woodstox/woodstox-core/7.1.0/source/woodstox-core-7.1.0-sources.jar
maven	com.github.mwiede:jsch	2.28.7	"ISC OR ISC;link=""https://github.com/mwiede/jsch/blob/master/LICENSE.jBCrypt.txt"" OR Revised BSD OR Revised BSD;link=""https://github.com/mwiede/jsch/blob/master/LICENSE.JZlib.txt"" OR Revised BSD;link=""https://github.com/mwiede/jsch/blob/master/LICENSE.txt"""	https://github.com/mwiede/jsch/blob/master/LICENSE.JZlib.txt https://github.com/mwiede/jsch/blob/master/LICENSE.jBCrypt.txt https://github.com/mwiede/jsch/blob/master/LICENSE.txt	4819f453e5d3dc277be2b91d49a0f87b7c4db36dc35c72c0d4bfeba56d2f94bd	11	yes	maven/com.github.mwiede/jsch/2.28.7/source/jsch-2.28.7-sources.jar
maven	com.google.code.gson:gson	2.14.0	"""Apache-2.0"";link=""https://www.apache.org/licenses/LICENSE-2.0.txt"" OR Apache-2.0"	https://www.apache.org/licenses/LICENSE-2.0.txt	2cbd119bf1961c28788310963dc80ba65f58cdeec1dd139c8bdb1240faa2c36f	2	yes	maven/com.google.code.gson/gson/2.14.0/source/gson-2.14.0-sources.jar
maven	com.google.errorprone:error_prone_annotations	2.48.0	"""Apache 2.0"";link=""http://www.apache.org/licenses/LICENSE-2.0.txt"" OR Apache 2.0"	http://www.apache.org/licenses/LICENSE-2.0.txt	b49c5c958316ed67a09c699dda9aa749caf434d51d863dea599ef36a49b9c855	2	yes	maven/com.google.errorprone/error_prone_annotations/2.48.0/source/error_prone_annotations-2.48.0-sources.jar
maven	com.google.zxing:core	3.5.4	"""The Apache Software License OR The Apache Software License, Version 2.0 OR Version 2.0"";link=""https://www.apache.org/licenses/LICENSE-2.0.txt"""	https://www.apache.org/licenses/LICENSE-2.0.txt	71de5d89341b5fcf5dd89da7f44e84d825d0e084cdf3ec77c9abe26b0f0ceb13	2	yes	maven/com.google.zxing/core/3.5.4/source/core-3.5.4-sources.jar
maven	com.h2database:h2	2.5.252	EPL 1.0 OR MPL 2.0	https://h2database.com/html/license.html https://opensource.org/licenses/eclipse-1.0.php https://www.mozilla.org/en-US/MPL/2.0/	90b11dc413da82070ef15fc943282c1408e6ffd34fa68998335fea8603b5ff20	3	yes	maven/com.h2database/h2/2.5.252/source/h2-2.5.252-sources.jar
maven	com.onelogin:java-saml-core	2.9.0	MIT License	https://opensource.org/licenses/MIT	41735e2063f1c511d342aab613b2144efb758e2364ecd9193b7639274a280f24	1	yes	maven/com.onelogin/java-saml-core/2.9.0/source/java-saml-core-2.9.0-sources.jar
maven	com.sun.xml.bind.jaxb:isorelax	20090621	Apache-2.0 OR CDDL-1.1 OR Classpath-exception-2.0 OR GPL-2.0-only		842b8eef4d1819521a7c3180837ed5438fd08f1f7e6fd3bcc30227c435904db2	6	yes	maven/com.sun.xml.bind.jaxb/isorelax/20090621/source/isorelax-20090621-sources.jar
maven	commons-beanutils:commons-beanutils	1.11.0	Apache-2.0	https://www.apache.org/licenses/LICENSE-2.0.txt	9e44ba68ec9a3f21286fa2a8bbb003b735c0f69101bb43144b79f4f8aaa74709	6	yes	maven/commons-beanutils/commons-beanutils/1.11.0/source/commons-beanutils-1.11.0-sources.jar
maven	commons-codec:commons-codec	1.22.1	Apache-2.0	https://www.apache.org/licenses/LICENSE-2.0.txt	78a5d732fbd715e2d10bd7150d2f8030bae57267f8aacc5c88f642cb6c2e5d3f	6	yes	maven/commons-codec/commons-codec/1.22.1/source/commons-codec-1.22.1-sources.jar
maven	commons-collections:commons-collections	3.2.2	Apache License, Version 2.0	http://www.apache.org/licenses/LICENSE-2.0.txt	eeeae917917144a68a741d4c0dff66aa5c5c5fd85593ff217bced3fc8ca783b8	6	yes	maven/commons-collections/commons-collections/3.2.2/source/commons-collections-3.2.2-sources.jar
maven	commons-io:commons-io	2.19.0	Apache-2.0	https://www.apache.org/licenses/LICENSE-2.0.txt	824268919b4b62f9f40f08c54381de5993b078f58667e332d17348ae019d72b9	6	yes	maven/commons-io/commons-io/2.19.0/source/commons-io-2.19.0-sources.jar
maven	commons-logging:commons-logging	1.3.5	Apache-2.0	https://www.apache.org/licenses/LICENSE-2.0.txt	6d7a744e4027649fbb50895df9497d109f98c766a637062fe8d2eabbb3140ba4	6	yes	maven/commons-logging/commons-logging/1.3.5/source/commons-logging-1.3.5-sources.jar
maven	jakarta.annotation:jakarta.annotation-api	2.1.1	EPL 2.0 OR GPL2 w/ CPE	http://www.eclipse.org/legal/epl-2.0 https://www.gnu.org/software/classpath/license.html	5f65fdaf424eee2b55e1d882ba9bb376be93fb09b37b808be6e22e8851c909fe	7	yes	maven/jakarta.annotation/jakarta.annotation-api/2.1.1/source/jakarta.annotation-api-2.1.1-sources.jar
maven	jakarta.enterprise:jakarta.enterprise.cdi-api	4.0.1	Apache License 2.0	https://www.apache.org/licenses/LICENSE-2.0	beaf74c4f2618189309e3f4a09c43effab633dd96aa1f6dc58a6ba7ee0042717	6	yes	maven/jakarta.enterprise/jakarta.enterprise.cdi-api/4.0.1/source/jakarta.enterprise.cdi-api-4.0.1-sources.jar
maven	jakarta.enterprise:jakarta.enterprise.lang-model	4.0.1	Apache License 2.0	https://repository.jboss.org/licenses/apache-2.0.txt	53acafe65b6ef0195fa1b8a0ef2650e5aa024c32cb4059c4df372d6b32089cd3	6	yes	maven/jakarta.enterprise/jakarta.enterprise.lang-model/4.0.1/source/jakarta.enterprise.lang-model-4.0.1-sources.jar
maven	jakarta.inject:jakarta.inject-api	2.0.1	The Apache Software License, Version 2.0	http://www.apache.org/licenses/LICENSE-2.0.txt	f7dc98062fccf14126abb751b64fab12c312566e8cbdc8483598bffcea93af7c	6	yes	maven/jakarta.inject/jakarta.inject-api/2.0.1/source/jakarta.inject-api-2.0.1-sources.jar
maven	jakarta.interceptor:jakarta.interceptor-api	2.1.0	EPL 2.0 OR GPL2 w/ CPE	http://www.eclipse.org/legal/epl-2.0 https://www.gnu.org/software/classpath/license.html	ef787d3f713fc6ff4f02cd4b0dbed08f93d8af3400c90cbb43fb4b5c0583710b	7	yes	maven/jakarta.interceptor/jakarta.interceptor-api/2.1.0/source/jakarta.interceptor-api-2.1.0-sources.jar
maven	jakarta.servlet:jakarta.servlet-api	6.1.0	EPL 2.0 OR GPL2 w/ CPE	http://www.eclipse.org/legal/epl-2.0 https://www.gnu.org/software/classpath/license.html	8a31f465f3593bf2351531a5c952014eb839da96a605b5825b93dd54714c48c4	7	yes	maven/jakarta.servlet/jakarta.servlet-api/6.1.0/source/jakarta.servlet-api-6.1.0-sources.jar
maven	jakarta.transaction:jakarta.transaction-api	1.3.3	EPL 2.0 OR GPL2 w/ CPE	http://www.eclipse.org/legal/epl-2.0 https://www.gnu.org/software/classpath/license.html	0b02a194dd04ee2e192dc9da9579e10955dd6e8ac707adfc91d92f119b0e67ab	3	yes	maven/jakarta.transaction/jakarta.transaction-api/1.3.3/source/jakarta.transaction-api-1.3.3-sources.jar
maven	jakarta.websocket:jakarta.websocket-api	2.1.1	Eclipse Public License v. 2.0 OR GNU General Public License, version 2 with the GNU Classpath Exception	https://www.eclipse.org/org/documents/epl-2.0/EPL-2.0.txt https://www.gnu.org/software/classpath/license.html	beadb92c26d04da653f6d2db2532b549b7a0dbe59c6e22c23e55bd03617f0120	7	yes	maven/jakarta.websocket/jakarta.websocket-api/2.1.1/source/jakarta.websocket-api-2.1.1-sources.jar
maven	jakarta.websocket:jakarta.websocket-client-api	2.1.1	Eclipse Public License v. 2.0 OR GNU General Public License, version 2 with the GNU Classpath Exception	https://www.eclipse.org/org/documents/epl-2.0/EPL-2.0.txt https://www.gnu.org/software/classpath/license.html	e8fe8c1dff948385a461dbc85dec5467cbe350f065ec1a0f3bfed53b79e7b102	7	yes	maven/jakarta.websocket/jakarta.websocket-client-api/2.1.1/source/jakarta.websocket-client-api-2.1.1-sources.jar
maven	joda-time:joda-time	2.10.6	Apache 2.0 OR Apache License, Version 2.0	https://www.apache.org/licenses/LICENSE-2.0.txt	6b1b1691b7391efda2143bc12bc6916dbfccf66370a8c946dc04f4f7ddf13cbf	6	yes	maven/joda-time/joda-time/2.10.6/source/joda-time-2.10.6-sources.jar
maven	net.java.dev.msv:xsdlib	2022.7	BSD		db2e8843cc44a18a739936990c8c2ad42ebf61d98c010d6a26b0383067e7b900	2	yes	maven/net.java.dev.msv/xsdlib/2022.7/source/xsdlib-2022.7-sources.jar
maven	ognl:ognl	3.3.4	The Apache Software License, Version 2.0	http://www.apache.org/licenses/LICENSE-2.0.txt	47fdd450407ff09b57df02f466f9b4c7d32818962d65f9d98e445c8b4d047603	3	yes	maven/ognl/ognl/3.3.4/source/ognl-3.3.4-sources.jar
maven	org.apache.commons:commons-configuration2	2.15.1	Apache-2.0	https://www.apache.org/licenses/LICENSE-2.0.txt	61ba5eaab8a17087042fe3d6811573bb85ccbdd6bd9d21ad464e6e20559dd1e8	6	yes	maven/org.apache.commons/commons-configuration2/2.15.1/source/commons-configuration2-2.15.1-sources.jar
maven	org.apache.commons:commons-dbcp2	2.14.0	Apache-2.0	https://www.apache.org/licenses/LICENSE-2.0.txt	459bebb8191906bacfeb73c62fcebc3e8c1e405a54594212b5f148d0567e668a	6	yes	maven/org.apache.commons/commons-dbcp2/2.14.0/source/commons-dbcp2-2.14.0-sources.jar
maven	org.apache.commons:commons-fileupload2-core	2.0.0-SNAPSHOT	Apache-2.0	https://www.apache.org/licenses/LICENSE-2.0.txt	efa0bb2c610bb2acbccb15b5e364ca9280fc079b471d6c4c9c4d0a4db2c57d7c	6	yes	maven/org.apache.commons/commons-fileupload2-core/2.0.0-SNAPSHOT/source/commons-fileupload2-core-2.0.0-SNAPSHOT-sources.jar
maven	org.apache.commons:commons-fileupload2-jakarta	2.0.0-SNAPSHOT	Apache-2.0	https://www.apache.org/licenses/LICENSE-2.0.txt	b54f5dc35cf0e780d34d5cb98ce145ab5781340b8c1e17d072814bef9adfd42e	2	yes	maven/org.apache.commons/commons-fileupload2-jakarta/2.0.0-SNAPSHOT/source/commons-fileupload2-jakarta-2.0.0-SNAPSHOT-sources.jar
maven	org.apache.commons:commons-lang3	3.21.0	Apache-2.0	https://www.apache.org/licenses/LICENSE-2.0.txt	a2af247ec4db6eb8947e18e23e0433e4871a7c5d0a40e1f92e46ede54ae1defe	6	yes	maven/org.apache.commons/commons-lang3/3.21.0/source/commons-lang3-3.21.0-sources.jar
maven	org.apache.commons:commons-pool2	2.13.0	Apache-2.0	https://www.apache.org/licenses/LICENSE-2.0.txt	488ededfcc481666845265a64dccc322fc8f0205940b4943a53de2d8ed04c48c	6	yes	maven/org.apache.commons/commons-pool2/2.13.0/source/commons-pool2-2.13.0-sources.jar
maven	org.apache.commons:commons-text	1.15.0	Apache-2.0	https://www.apache.org/licenses/LICENSE-2.0.txt	58d2da30f058512a1e7f914e39241deca4dff5c27a085b4ed2faa9e7208067f6	6	yes	maven/org.apache.commons/commons-text/1.15.0/source/commons-text-1.15.0-sources.jar
maven	org.apache.logging.log4j:log4j-api	2.26.1	"""Apache-2.0"";link=""https://www.apache.org/licenses/LICENSE-2.0.txt"" OR Apache-2.0"	https://www.apache.org/licenses/LICENSE-2.0.txt	f1810a4704ccce019d02bba029dc02a4f2ac0c997f647b465e7d409c1927f822	8	yes	maven/org.apache.logging.log4j/log4j-api/2.26.1/source/log4j-api-2.26.1-sources.jar
maven	org.apache.logging.log4j:log4j-core	2.26.1	"""Apache-2.0"";link=""https://www.apache.org/licenses/LICENSE-2.0.txt"" OR Apache-2.0"	https://www.apache.org/licenses/LICENSE-2.0.txt	2ec8c3bf5a6d7c89be8620116a2fc973f7dda1ad0261ad393c4d4726edfd3dcb	8	yes	maven/org.apache.logging.log4j/log4j-core/2.26.1/source/log4j-core-2.26.1-sources.jar
maven	org.apache.logging.log4j:log4j-slf4j2-impl	2.26.1	"""Apache-2.0"";link=""https://www.apache.org/licenses/LICENSE-2.0.txt"" OR Apache-2.0"	https://www.apache.org/licenses/LICENSE-2.0.txt	cbdfb4c2bcc10f0927c61036db54924250f3924ecd13ea913cefe4f99c08fa66	8	yes	maven/org.apache.logging.log4j/log4j-slf4j2-impl/2.26.1/source/log4j-slf4j2-impl-2.26.1-sources.jar
maven	org.apache.santuario:xmlsec	4.0.4	Apache-2.0	https://www.apache.org/licenses/LICENSE-2.0.txt	8b2f8483b662ba5462126074dadf4d4f33966d8e8244889c6a81d53789da5402	8	yes	maven/org.apache.santuario/xmlsec/4.0.4/source/xmlsec-4.0.4-sources.jar
maven	org.attoparser:attoparser	2.0.7.RELEASE	The Apache Software License, Version 2.0	https://www.apache.org/licenses/LICENSE-2.0.txt	75dd1c045492bff8e1963aabb28bfe903c2064e11e27fe2f0f0aff1ad3d84476	6	yes	maven/org.attoparser/attoparser/2.0.7.RELEASE/source/attoparser-2.0.7.RELEASE-sources.jar
maven	org.bouncycastle:bcprov-jdk18on	1.86	Bouncy Castle Licence	https://www.bouncycastle.org/licence.html	2af190b300cbb0b35e248ccf5f4a06b6072030aeb3da7a98ec73abe5b4cb371f	8	yes	maven/org.bouncycastle/bcprov-jdk18on/1.86/source/bcprov-jdk18on-1.86-sources.jar
maven	org.codehaus.woodstox:stax2-api	4.2.2	The BSD 2-Clause License	http://www.opensource.org/licenses/bsd-license.php	a61c48d553efad78bc01fffc4ac528bebbae64cbaec170b2a5e39cf61eb51abe	4	yes	maven/org.codehaus.woodstox/stax2-api/4.2.2/source/stax2-api-4.2.2-sources.jar
maven	org.eclipse.jetty.compression:jetty-compression-common	12.1.14	Apache-2.0 OR EPL-2.0	https://www.apache.org/licenses/LICENSE-2.0.txt https://www.eclipse.org/legal/epl-2.0/	121a28a3aad2a036c9f97073ddc37f11cb3e9f3da13425f2c08c380ead93a6db	3	yes	maven/org.eclipse.jetty.compression/jetty-compression-common/12.1.14/source/jetty-compression-common-12.1.14-sources.jar
maven	org.eclipse.jetty.compression:jetty-compression-gzip	12.1.14	Apache-2.0 OR EPL-2.0	https://www.apache.org/licenses/LICENSE-2.0.txt https://www.eclipse.org/legal/epl-2.0/	d0994b3a821d2946c1d1c881be4b3997e95a05d7381328d79b7c1b7b042e9186	3	yes	maven/org.eclipse.jetty.compression/jetty-compression-gzip/12.1.14/source/jetty-compression-gzip-12.1.14-sources.jar
maven	org.eclipse.jetty.ee10.websocket:jetty-ee10-websocket-jakarta-client	12.1.14	Apache-2.0 OR EPL-2.0	https://www.apache.org/licenses/LICENSE-2.0.txt https://www.eclipse.org/legal/epl-2.0/	74e40d73d6d806d407689fc6d533897a5f9b815b621acc9e7ace4e0571838e37	3	yes	maven/org.eclipse.jetty.ee10.websocket/jetty-ee10-websocket-jakarta-client/12.1.14/source/jetty-ee10-websocket-jakarta-client-12.1.14-sources.jar
maven	org.eclipse.jetty.ee10.websocket:jetty-ee10-websocket-jakarta-common	12.1.14	Apache-2.0 OR EPL-2.0	https://www.apache.org/licenses/LICENSE-2.0.txt https://www.eclipse.org/legal/epl-2.0/	e81d0ac691be9aca916044f78cd3dcfcc6a84a007c750866d22659184c19afae	3	yes	maven/org.eclipse.jetty.ee10.websocket/jetty-ee10-websocket-jakarta-common/12.1.14/source/jetty-ee10-websocket-jakarta-common-12.1.14-sources.jar
maven	org.eclipse.jetty.ee10.websocket:jetty-ee10-websocket-jakarta-server	12.1.14	Apache-2.0 OR EPL-2.0	https://www.apache.org/licenses/LICENSE-2.0.txt https://www.eclipse.org/legal/epl-2.0/	ea37aa7e7f67f8874f3984a745adf633dbeca7fd7627c376b4eddf63be96f02e	3	yes	maven/org.eclipse.jetty.ee10.websocket/jetty-ee10-websocket-jakarta-server/12.1.14/source/jetty-ee10-websocket-jakarta-server-12.1.14-sources.jar
maven	org.eclipse.jetty.ee10.websocket:jetty-ee10-websocket-servlet	12.1.14	Apache-2.0 OR EPL-2.0	https://www.apache.org/licenses/LICENSE-2.0.txt https://www.eclipse.org/legal/epl-2.0/	8cd15d07f84f2759ea767dd599b1d951cf5592264a350452e08200d90950de06	3	yes	maven/org.eclipse.jetty.ee10.websocket/jetty-ee10-websocket-servlet/12.1.14/source/jetty-ee10-websocket-servlet-12.1.14-sources.jar
maven	org.eclipse.jetty.ee10:jetty-ee10-annotations	12.1.14	Apache-2.0 OR EPL-2.0	https://www.apache.org/licenses/LICENSE-2.0.txt https://www.eclipse.org/legal/epl-2.0/	970321f0665f1c0297fa131fd72014ca12e274d45b2ef361f09e3833001d2108	3	yes	maven/org.eclipse.jetty.ee10/jetty-ee10-annotations/12.1.14/source/jetty-ee10-annotations-12.1.14-sources.jar
maven	org.eclipse.jetty.ee10:jetty-ee10-plus	12.1.14	Apache-2.0 OR EPL-2.0	https://www.apache.org/licenses/LICENSE-2.0.txt https://www.eclipse.org/legal/epl-2.0/	209c084db0771e4608cd15929d21a587f6eb55e409c015d5ae203ec7ab90e32e	3	yes	maven/org.eclipse.jetty.ee10/jetty-ee10-plus/12.1.14/source/jetty-ee10-plus-12.1.14-sources.jar
maven	org.eclipse.jetty.ee10:jetty-ee10-servlet	12.1.14	Apache-2.0 OR EPL-2.0	https://www.apache.org/licenses/LICENSE-2.0.txt https://www.eclipse.org/legal/epl-2.0/	cfea6fa831b8bf119ab97a73271fb61194a678c9ffca0661aaecefde53368eda	3	yes	maven/org.eclipse.jetty.ee10/jetty-ee10-servlet/12.1.14/source/jetty-ee10-servlet-12.1.14-sources.jar
maven	org.eclipse.jetty.ee10:jetty-ee10-webapp	12.1.14	Apache-2.0 OR EPL-2.0	https://www.apache.org/licenses/LICENSE-2.0.txt https://www.eclipse.org/legal/epl-2.0/	950eac43442abbf9a0bdfd230219cd7b0bb784de7edeae97df98ccc19c97b631	3	yes	maven/org.eclipse.jetty.ee10/jetty-ee10-webapp/12.1.14/source/jetty-ee10-webapp-12.1.14-sources.jar
maven	org.eclipse.jetty.ee:jetty-ee-webapp	12.1.14	Apache-2.0 OR EPL-2.0	https://www.apache.org/licenses/LICENSE-2.0.txt https://www.eclipse.org/legal/epl-2.0/	d333fb32fbbd19429ac848b4f94e8b0f688dd9748a5ab59eae707699556274b3	3	yes	maven/org.eclipse.jetty.ee/jetty-ee-webapp/12.1.14/source/jetty-ee-webapp-12.1.14-sources.jar
maven	org.eclipse.jetty.websocket:jetty-websocket-core-client	12.1.14	Apache-2.0 OR EPL-2.0	https://www.apache.org/licenses/LICENSE-2.0.txt https://www.eclipse.org/legal/epl-2.0/	bb73e53945dc1d0536a2d6dbaa342212394d3fbe1c6db54e2cdf0d24b34ad9f9	3	yes	maven/org.eclipse.jetty.websocket/jetty-websocket-core-client/12.1.14/source/jetty-websocket-core-client-12.1.14-sources.jar
maven	org.eclipse.jetty.websocket:jetty-websocket-core-common	12.1.14	Apache-2.0 OR EPL-2.0	https://www.apache.org/licenses/LICENSE-2.0.txt https://www.eclipse.org/legal/epl-2.0/	269d1ad4e3df29c5432c47cb425cc2c1991e77aaa7f9ab0de9419275ee894b91	3	yes	maven/org.eclipse.jetty.websocket/jetty-websocket-core-common/12.1.14/source/jetty-websocket-core-common-12.1.14-sources.jar
maven	org.eclipse.jetty.websocket:jetty-websocket-core-server	12.1.14	Apache-2.0 OR EPL-2.0	https://www.apache.org/licenses/LICENSE-2.0.txt https://www.eclipse.org/legal/epl-2.0/	f2f421b642dddd2789ac41830031daab22fa609469addc645da7fb87c8e6ada3	3	yes	maven/org.eclipse.jetty.websocket/jetty-websocket-core-server/12.1.14/source/jetty-websocket-core-server-12.1.14-sources.jar
maven	org.eclipse.jetty:jetty-alpn-client	12.1.14	Apache-2.0 OR EPL-2.0	https://www.apache.org/licenses/LICENSE-2.0.txt https://www.eclipse.org/legal/epl-2.0/	b19fc6145005c2978f1d886267cea17b2dc2499afd1aa3f3c3d29f6004f338c5	3	yes	maven/org.eclipse.jetty/jetty-alpn-client/12.1.14/source/jetty-alpn-client-12.1.14-sources.jar
maven	org.eclipse.jetty:jetty-annotations	12.1.14	Apache-2.0 OR EPL-2.0	https://www.apache.org/licenses/LICENSE-2.0.txt https://www.eclipse.org/legal/epl-2.0/	7077b6a7b5f066e836b43f2c3f8c32a84c82f85b25b66abee69874b549ae27fe	3	yes	maven/org.eclipse.jetty/jetty-annotations/12.1.14/source/jetty-annotations-12.1.14-sources.jar
maven	org.eclipse.jetty:jetty-client	12.1.14	Apache-2.0 OR EPL-2.0	https://www.apache.org/licenses/LICENSE-2.0.txt https://www.eclipse.org/legal/epl-2.0/	70db0a8101390818022466da64110aa25e06d78892cc4dce9353d8647c92c2ec	3	yes	maven/org.eclipse.jetty/jetty-client/12.1.14/source/jetty-client-12.1.14-sources.jar
maven	org.eclipse.jetty:jetty-http	12.1.14	Apache-2.0 OR EPL-2.0	https://www.apache.org/licenses/LICENSE-2.0.txt https://www.eclipse.org/legal/epl-2.0/	a898f3dad99c2505409047d849cac7f652eced5853f9dad711395a26cd681e13	3	yes	maven/org.eclipse.jetty/jetty-http/12.1.14/source/jetty-http-12.1.14-sources.jar
maven	org.eclipse.jetty:jetty-io	12.1.14	Apache-2.0 OR EPL-2.0	https://www.apache.org/licenses/LICENSE-2.0.txt https://www.eclipse.org/legal/epl-2.0/	9a41452f362f5bd96e017f16d6b66d19d2d60a5981eafd3729367c1d535eb5e9	3	yes	maven/org.eclipse.jetty/jetty-io/12.1.14/source/jetty-io-12.1.14-sources.jar
maven	org.eclipse.jetty:jetty-jndi	12.1.14	Apache-2.0 OR EPL-2.0	https://www.apache.org/licenses/LICENSE-2.0.txt https://www.eclipse.org/legal/epl-2.0/	e753b115b199bc7cec512a10dc650c97118c931176e187a284352e242a4adda6	3	yes	maven/org.eclipse.jetty/jetty-jndi/12.1.14/source/jetty-jndi-12.1.14-sources.jar
maven	org.eclipse.jetty:jetty-plus	12.1.14	Apache-2.0 OR EPL-2.0	https://www.apache.org/licenses/LICENSE-2.0.txt https://www.eclipse.org/legal/epl-2.0/	c7d3b1056f892139747dca846bdb83f3adbc72c084d2cea4f41dacf582ac39ee	3	yes	maven/org.eclipse.jetty/jetty-plus/12.1.14/source/jetty-plus-12.1.14-sources.jar
maven	org.eclipse.jetty:jetty-security	12.1.14	Apache-2.0 OR EPL-2.0	https://www.apache.org/licenses/LICENSE-2.0.txt https://www.eclipse.org/legal/epl-2.0/	62d4a246b978adee64d081025546466a05ee7b57b1dd6293d93953a80ba4cbe7	3	yes	maven/org.eclipse.jetty/jetty-security/12.1.14/source/jetty-security-12.1.14-sources.jar
maven	org.eclipse.jetty:jetty-server	12.1.14	Apache-2.0 OR EPL-2.0	https://www.apache.org/licenses/LICENSE-2.0.txt https://www.eclipse.org/legal/epl-2.0/	62a2c691ecb3b60178e7b1a64d498261d31bcef76dd19147b89dcb2c6f784f30	3	yes	maven/org.eclipse.jetty/jetty-server/12.1.14/source/jetty-server-12.1.14-sources.jar
maven	org.eclipse.jetty:jetty-session	12.1.14	Apache-2.0 OR EPL-2.0	https://www.apache.org/licenses/LICENSE-2.0.txt https://www.eclipse.org/legal/epl-2.0/	5b091e6132ba30a56ce872e07cdc0de263163e46f88d5dea99310d3a6d00899a	3	yes	maven/org.eclipse.jetty/jetty-session/12.1.14/source/jetty-session-12.1.14-sources.jar
maven	org.eclipse.jetty:jetty-util	12.1.14	Apache-2.0 OR EPL-2.0	https://www.apache.org/licenses/LICENSE-2.0.txt https://www.eclipse.org/legal/epl-2.0/	deb2a47bb9659c69076da1020d058c0ededba61dcd1aebccf83fce4719164adc	3	yes	maven/org.eclipse.jetty/jetty-util/12.1.14/source/jetty-util-12.1.14-sources.jar
maven	org.eclipse.jetty:jetty-xml	12.1.14	Apache-2.0 OR EPL-2.0	https://www.apache.org/licenses/LICENSE-2.0.txt https://www.eclipse.org/legal/epl-2.0/	111ee67bbd31b18081d7efbae91a804e8f5485ae5d90cd40445e2228710b0fd3	3	yes	maven/org.eclipse.jetty/jetty-xml/12.1.14/source/jetty-xml-12.1.14-sources.jar
maven	org.javassist:javassist	3.29.0-GA	Apache License 2.0 OR LGPL 2.1 OR MPL 1.1	http://www.gnu.org/licenses/lgpl-2.1.html http://www.mozilla.org/MPL/MPL-1.1.html https://www.apache.org/licenses/LICENSE-2.0	62d4065362e8969ce654f2b5541de1efb5b5bca6c146dbd38a595ea4df64cd31	4	yes	maven/org.javassist/javassist/3.29.0-GA/source/javassist-3.29.0-GA-sources.jar
maven	org.ow2.asm:asm	9.10.1	BSD-3-Clause OR BSD-3-Clause;link=https://asm.ow2.io/LICENSE.txt	https://asm.ow2.io/license.html	ed825d10ab1399c8c0cb669e688cf0c8c82629b4c8399b58352b68e92ca10fcb	3	yes	maven/org.ow2.asm/asm/9.10.1/source/asm-9.10.1-sources.jar
maven	org.ow2.asm:asm-commons	9.10.1	BSD-3-Clause OR BSD-3-Clause;link=https://asm.ow2.io/LICENSE.txt	https://asm.ow2.io/license.html	6d0abefb7cbf972ea16edb37ec14835372505063a45f976ab7ea889ed9497895	3	yes	maven/org.ow2.asm/asm-commons/9.10.1/source/asm-commons-9.10.1-sources.jar
maven	org.ow2.asm:asm-tree	9.10.1	BSD-3-Clause OR BSD-3-Clause;link=https://asm.ow2.io/LICENSE.txt	https://asm.ow2.io/license.html	3dfb0d5b6a106cd40b5b250e39935fbf2f927f4477546a5369a3ac609cf0506b	3	yes	maven/org.ow2.asm/asm-tree/9.10.1/source/asm-tree-9.10.1-sources.jar
maven	org.slf4j:slf4j-api	2.0.20	MIT	https://opensource.org/license/mit	7e1446499b359675d8aabe6af2de86b85e72ae8a2a932c0b40d0e5ba57097439	5	yes	maven/org.slf4j/slf4j-api/2.0.20/source/slf4j-api-2.0.20-sources.jar
maven	org.thymeleaf:thymeleaf	3.1.5.RELEASE	The Apache Software License, Version 2.0	https://www.apache.org/licenses/LICENSE-2.0.txt	4011795f8494dd69e764b7709443dd13d3068ba8ac37624f61d7084f4429cbe2	2	yes	maven/org.thymeleaf/thymeleaf/3.1.5.RELEASE/source/thymeleaf-3.1.5.RELEASE-sources.jar
maven	org.unbescape:unbescape	1.1.6.RELEASE	The Apache Software License, Version 2.0	http://www.apache.org/licenses/LICENSE-2.0.txt	597cf87d5b1a4f385b9d1cec974b7b483abb3ee85fc5b3f8b62af8e4bec95c2c	6	yes	maven/org.unbescape/unbescape/1.1.6.RELEASE/source/unbescape-1.1.6.RELEASE-sources.jar
npm	@popperjs/core	2.11.8	MIT		sha512-P1st0aksCrn9sGZhp8GMYwBnQsbvAWsZAX44oXNNvLHGqAOcoVxmjZiohstwQ7SqKnbR47akdNi+uleWD8+g6A==	1	no	https://registry.npmjs.org/@popperjs/core/-/core-2.11.8.tgz
npm	@xterm/addon-fit	0.11.0	MIT		sha512-jYcgT6xtVYhnhgxh3QgYDnnNMYTcf8ElbxxFzX0IZo+vabQqSPAjC3c1wJrKB5E19VwQei89QCiZZP86DCPF7g==	1	no	https://registry.npmjs.org/@xterm/addon-fit/-/addon-fit-0.11.0.tgz
npm	@xterm/xterm	6.0.0	MIT		sha512-TQwDdQGtwwDt+2cgKDLn0IRaSxYu1tSUjgKarSDkUM0ZNiSRXFpjxEsvc/Zgc5kq5omJ+V0a8/kIM2WD3sMOYg==	1	no	https://registry.npmjs.org/@xterm/xterm/-/xterm-6.0.0.tgz
npm	bootstrap	5.3.8	MIT		sha512-HP1SZDqaLDPwsNiqRqi5NcP0SSXciX2s9E+RyqJIIqGo+vJeN5AJVM98CXmW/Wux0nQ5L7jeWUdplCEf0Ee+tg==	1	no	https://registry.npmjs.org/bootstrap/-/bootstrap-5.3.8.tgz
npm	floatthead	2.2.5	MIT		sha512-kpSxF0FWhrJMIy/Fu28oMXD8HNzHMwOJsgZ3n+IyRSCH39zaQtUDVq90XxJl3ZRzuWeyn+d802UNzsVqBoBa9w==	2	no	https://registry.npmjs.org/floatthead/-/floatthead-2.2.5.tgz
npm	jquery	4.0.0	MIT		sha512-TXCHVR3Lb6TZdtw1l3RTLf8RBWVGexdxL6AC8/e0xZKEpBflBsjh9/8LXw+dkNFuOyW9B7iB3O1sP7hS0Kiacg==	1	no	https://registry.npmjs.org/jquery/-/jquery-4.0.0.tgz
npm	jquery-ui	1.14.2	MIT		sha512-1gSl7PUjyipa2adSr780Ujk16faicrV7PjPPzPtvWk7tTqBnsqp67NNV9jZK2+BIxUPXWSnIUU/LBCgwgGZE+Q==	2	no	https://registry.npmjs.org/jquery-ui/-/jquery-ui-1.14.2.tgz
